93,AUBERVILLIERS,secretariat-general@mairie-Aubervilliers.fr
93,AULNAY SOUS BOIS,comexterne@aulnay-sous-bois.com
93,BAGNOLET,mairie@ville-bagnolet.fr
93,BOBIGNY,comtown@comtown.com
93,BONDY,cab-maire@ville-bondy.fr
93,CLICHY SOUS BOIS,webmaster@ville-clichy-sous-bois.fr
93,COUBRON,cabinet.maire@coubron.fr 
93,DRANCY,maire@drancy.fr
93,DUGNY,cabmaire@mairie-dugny.fr
93,EPINAY SUR SEINE,communication@mairie-epinay93.fr
93,GAGNY,info@mairie-gagny.fr
93,GOURNAY SUR MARNE,c.gonnet@gournay-sur-marne.fr
93,LA COURNEUVE,maire@ville-la-courneuve.fr
93,LE BLANC MESNIL,lemensuel@ville-blanc-mesnil.fr
93,LE BOURGET,service.communication@ville-lebourget.fr
93,LE PRE SAINT GERVAIS,communication@ville-du-pre-saint-gervais.fr
93,LE RAINCY,leraincy@leraincy.com
93,LES LILAS,ville@leslilas.fr
93,LES PAVILLONS SOUS BOIS,mairie@ville-pavillons-sous-bois.fr
93,L ILE SAINT DENIS,mairie@lile-saint-denis.fr
93,LIVRY GARGAN,courriermaire@ville-de-livry-gargan.fr
93,MONTFERMEIL,elus@ville-montfermeil.fr
93,MONTREUIL,site.internet@montreuil93.net
93,NEUILLY PLAISANCE,contact@mairie-neuillyplaisance.com
93,NEUILLY SUR MARNE,mairie.neuilly.marne@wanadoo.fr
93,NOISY LE GRAND,mairie@ville-noisylegrand.fr
93,NOISY LE SEC,maire@noisylesec.fr
93,PANTIN,
93,PIERREFITTE SUR SEINE,mairie@mairie-pierrefitte-sur-seine.fr
93,ROMAINVILLE,courrier@ville-romainville.fr
93,ROSNY SOUS BOIS,courrier@mairie-rosny-sous-bois.fr
93,SAINT DENIS,mairie.saint.denis@ville-saint-denis.fr
93,SAINT OUEN,etat-civil@mairie-saint-ouen.fr
93,SEVRAN,grp_accueil@ville-sevran.fr
93,STAINS,courrier@stains.fr
93,TREMBLAY EN FRANCE,services@tremblayenfrance.fr
93,VAUJOURS,contact@ville-vaujours.fr
93,VILLEMOMBLE,secretariat-general@mairie-villemomble.fr
93,VILLEPINTE,mairie@ville-villepinte.fr
93,VILLETANEUSE,communication@mairie-villetaneuse.fr
92,ANTONY,webmaster@ville-antony.fr
92,ASNIERES SUR SEINE,info@ville-asnieressurseine.fr
92,BAGNEUX,contact@mairie-bagneux.fr
92,BOIS COLOMBES,bois-colombes@bois-colombes.com
92,BOULOGNE BILLANCOURT,sce.communication@mairie-boulogne-billancourt.fr
92,BOURG LA REINE,mairie@bourg-la-reine.fr
92,CHATENAY MALABRY,infos@chatenay-malabry.fr
92,CHATILLON,webmaster@ville-chatillon.fr
92,CHAVILLE,jean-levain@ville-chaville.fr
92,CLAMART,mairie@clamart.fr
92,CLICHY LA GARENNE,info@ville-clichy.fr 
92,COLOMBES,courrier@mairie-colombes.fr
92,COURBEVOIE,courbevoie@ville-courbevoie.fr
92,FONTENAY AUX ROSES,mairie@fontenay-aux-roses.fr
92,GARCHES,info@ville-garches.fr
92,GENNEVILLIERS,contact@ville-gennevilliers.fr
92,ISSY LES MOULINEAUX,iris@ville-issy.fr
92,LA GARENNE COLOMBES,infomairie@lagarennecolombes.fr
92,LE PLESSIS ROBINSON,mairie-plessis-robinson@wanadoo.fr
92,LEVALLOIS PERRET,votre.maire@ville-levallois.fr
92,MALAKOFF,mairie@ville-malakoff.fr
92,MARNES LA COQUETTE,mairiedemarnes@wanadoo.fr
92,MEUDON,accueil@mairie-meudon.fr
92,MONTROUGE,jean-loup.metton@ville-montrouge.fr
92,NANTERRE,etat.civil@mairie-nanterre.fr
92,NEUILLY SUR SEINE,accueil-standard@ville-neuillysurseine.fr
92,PUTEAUX,info@mairie-puteaux.fr
92,RUEIL MALMAISON,info@mairie-rueilmalmaison.fr
92,SAINT CLOUD,direction-generale@saintcloud.fr
92,SCEAUX,sceauxinfomairie@sceaux.fr
92,SEVRES,mairie@ville-sevres.fr
92,SURESNES,webmestre@ville-suresnes.fr
92,VANVES,servicesmunicipaux@ville-vanves.fr
92,VAUCRESSON,mairie@mairie-vaucresson.fr
92,VILLE D AVRAY,info@mairie-villedavray.fr
92,VILLENEUVE LA GARENNE,contact@villeneuve92.com
94,ABLON SUR SEINE,info@ablon-sur-seine.fr
94,ALFORTVILLE,secretariat.dg@mairie-alfortville.fr
94,ARCUEIL,mairie@mairie-arcueil.fr
94,BOISSY SAINT LEGER,info@ville-boissy-saint-leger.fr
94,BONNEUIL SUR MARNE,contact@ville-bonneuil.fr
94,BRY SUR MARNE,mairie@bry94.fr
94,CACHAN,secretariat.maire@ville-cachan.fr
94,CHAMPIGNY SUR MARNE,secrt.general@mairie-champigny94.fr
94,CHARENTON LE PONT,communication@charenton.fr
94,CHENNEVIERES SUR MARNE,webmestre@villechennevieres.fr
94,CHEVILLY LARUE,cabinetmaire@ville-chevilly-larue.fr
94,CHOISY LE ROI,choisywebmaster@ville-choisy-le-roi.fr
94,CRETEIL,le-depute-maire@ville-creteil.fr
94,FONTENAY SOUS BOIS,dircom@fontenay-sous-bois.fr
94,FRESNES,webmaster@fresnes94.fr
94,GENTILLY,contact@ville-gentilly.fr
94,IVRY SUR SEINE,
94,JOINVILLE LE PONT,contact@ville-joinville-le-pont.fr
94,LA QUEUE EN BRIE,maire@laqueueenbrie.fr
94,LE KREMLIN BICETRE,contact@ville-kremlin-bicetre.fr
94,LE PERREUX SUR MARNE,communication.perreux@wanadoo.fr
94,LE PLESSIS TREVISE,admgenerale@leplessistrevise.fr
94,L HAY LES ROSES,info.com@ville-lhay94.fr
94,LIMEIL BREVANNES,contact@limeil-brevannes.fr
94,MAISONS ALFORT,ville@maisons-alfort.fr
94,MANDRES LES ROSES,service.communication@ville-mandres-les-roses.fr
94,MAROLLES EN BRIE,cabinet-maire@mairie-marolles.fr
94,NOGENT SUR MARNE,jacques.jp.martin@ville-nogentsurmarne.fr
94,NOISEAU,mairie-de-noiseau@wanadoo.fr
94,ORLY,contact@ville-orly.fr
94,ORMESSON SUR MARNE,ccas@ville-ormesson-sur-marne.fr
94,PERIGNY SUR YERRES,mairie@perigny-sur-yerres.org
94,RUNGIS,
94,SAINT MANDE,secretariat-particulier@mairie-saint-mande.fr
94,SAINT MAUR DES FOSSES,webmaster@mairie-st-maur.com
94,SAINT MAURICE,
94,SANTENY,mairie@mairie-santeny.fr
94,SUCY EN BRIE,ServiceCommunication@ville-sucy.fr
94,THIAIS,contact@ville-thiais.fr
94,VALENTON,cleduey@ville-valenton.fr
94,VILLECRESNES,cabinet.du.maire@villecresnes.fr
94,VILLEJUIF,mairie@ville-villejuif.fr
94,VILLENEUVE LE ROI,infovilleneuve@ville-villeneuve-le-roi.fr
94,VILLENEUVE SAINT GEORGES,catherine.guerin@wanadoo.fr
94,VILLIERS SUR MARNE,contact@mairie-villiers94.com
94,VINCENNES,vincennes@vincennes.fr
94,VITRY SUR SEINE,infovitry@mairie-vitry94.fr